,epoch,batch_size,learning_rate,train_acc,train_loss,val_acc,val_loss
0,0,16,2e-05,0.7928416485900217,0.47097505200902623,0.8264352469959947,0.38505197213368214
1,1,16,2e-05,0.8504922409477724,0.3699321253796419,0.8558077436582109,0.3702776520017614
2,2,16,2e-05,0.8898715167695644,0.30617856776962676,0.849799732977303,0.40953239192195395
3,3,16,2e-05,0.925830135157684,0.2480370453322927,0.8417890520694259,0.5063401057602878
4,4,16,2e-05,0.9469380944435174,0.205749038644135,0.8457943925233644,0.5472212354949815
5,5,16,2e-05,0.9592858334723844,0.17347885220932463,0.8504672897196262,0.5540311089815929
6,6,16,2e-05,0.9651259803103621,0.15508982833226523,0.8457943925233644,0.6519247978687921
7,7,16,2e-05,0.9693809444351743,0.14028483279484014,0.8431241655540721,0.6894794425114672
